Comment,Designator,Footprint,LCSC/Part link,Quantity
D,D8,Diode_DO-35,C258182,1
SW_Push_45deg,SW4,MX-Hotswap-1U,http://www.kailh.com/en/Products/Ks/HPC/883.html,1
D,D14,Diode_DO-35,C258182,1
D,D18,Diode_DO-35,C258182,1
D,D16,Diode_DO-35,C258182,1
SW_Push_45deg,SW5,MX-Hotswap-1U,http://www.kailh.com/en/Products/Ks/HPC/883.html,1
SW_Push_45deg,SW2,MX-Hotswap-1U,http://www.kailh.com/en/Products/Ks/HPC/883.html,1
D,D4,Diode_DO-35,C258182,1
SW_Push_45deg,SW21,MX-Hotswap-1.5U,http://www.kailh.com/en/Products/Ks/HPC/883.html,1
D,D1,Diode_DO-35,C258182,1
SW_Push_45deg,SW1,MX-Hotswap-1U,http://www.kailh.com/en/Products/Ks/HPC/883.html,1
SW_Push_45deg,SW6,MX-Hotswap-1U,http://www.kailh.com/en/Products/Ks/HPC/883.html,1
SW_Push_45deg,SW12,MX-Hotswap-1U,http://www.kailh.com/en/Products/Ks/HPC/883.html,1
D,D20,Diode_DO-35,C258182,1
SW_Push_45deg,SW10,MX-Hotswap-1U,http://www.kailh.com/en/Products/Ks/HPC/883.html,1
D,D11,Diode_DO-35,C258182,1
D,D3,Diode_DO-35,C258182,1
D,D21,Diode_DO-35,C258182,1
D,D5,Diode_DO-35,C258182,1
D,D12,Diode_DO-35,C258182,1
SW_Push_45deg,SW16,MX-Hotswap-1U,http://www.kailh.com/en/Products/Ks/HPC/883.html,1
SW_Push_45deg,SW11,MX-Hotswap-1U,http://www.kailh.com/en/Products/Ks/HPC/883.html,1
D,D22,Diode_DO-35,C258182,1
D,D6,Diode_DO-35,C258182,1
D,D13,Diode_DO-35,C258182,1
SW_Push_45deg,SW20,MX-Hotswap-1U,http://www.kailh.com/en/Products/Ks/HPC/883.html,1
SW_Push_45deg,SW17,MX-Hotswap-1U,http://www.kailh.com/en/Products/Ks/HPC/883.html,1
SW_Push_45deg,SW19,MX-Hotswap-1.5U,http://www.kailh.com/en/Products/Ks/HPC/883.html,1
D,D17,Diode_DO-35,C258182,1
SW_Push_45deg,SW15,MX-Hotswap-1U,http://www.kailh.com/en/Products/Ks/HPC/883.html,1
RP2040_Zero,U1,RP2040_Zero,C258182,1
SW_Push_45deg,SW3,MX-Hotswap-1U,http://www.kailh.com/en/Products/Ks/HPC/883.html,1
SW_Push_45deg,SW8,MX-Hotswap-1U,http://www.kailh.com/en/Products/Ks/HPC/883.html,1
SW_Push_45deg,SW7,MX-Hotswap-1U,http://www.kailh.com/en/Products/Ks/HPC/883.html,1
SW_Push_45deg,SW14,MX-Hotswap-1U,http://www.kailh.com/en/Products/Ks/HPC/883.html,1
D,D2,Diode_DO-35,C258182,1
D,D15,Diode_DO-35,C258182,1
SW_Push_45deg,SW22,MX-Hotswap-1.5U,http://www.kailh.com/en/Products/Ks/HPC/883.html,1
D,D9,Diode_DO-35,C258182,1
USB_C_Receptacle_USB2.0_16P,J2,USB_C_HRO_TYPE-C-31-M-14,C223907,1
D,D19,Diode_DO-35,C258182,1
SW_Push_45deg,SW18,MX-Hotswap-1U,http://www.kailh.com/en/Products/Ks/HPC/883.html,1
D,D7,Diode_DO-35,C258182,1
D,D10,Diode_DO-35,C258182,1
SW_Push_45deg,SW9,MX-Hotswap-1U,http://www.kailh.com/en/Products/Ks/HPC/883.html,1
SW_Push_45deg,SW13,MX-Hotswap-1U,http://www.kailh.com/en/Products/Ks/HPC/883.html,1
SW_Push_45deg,SW43,MX-Hotswap-1.5U,http://www.kailh.com/en/Products/Ks/HPC/883.html,1
SW_Push_45deg,SW40,MX-Hotswap-1U,http://www.kailh.com/en/Products/Ks/HPC/883.html,1
SW_Push_45deg,SW32,MX-Hotswap-1U,http://www.kailh.com/en/Products/Ks/HPC/883.html,1
SW_Push_45deg,SW25,MX-Hotswap-1U,http://www.kailh.com/en/Products/Ks/HPC/883.html,1
SW_Push_45deg,SW24,MX-Hotswap-1U,http://www.kailh.com/en/Products/Ks/HPC/883.html,1
SW_Push_45deg,SW39,MX-Hotswap-1U,http://www.kailh.com/en/Products/Ks/HPC/883.html,1
SW_Push_45deg,SW30,MX-Hotswap-1U,http://www.kailh.com/en/Products/Ks/HPC/883.html,1
SW_Push_45deg,SW42,MX-Hotswap-1.5U,http://www.kailh.com/en/Products/Ks/HPC/883.html,1
SW_Push_45deg,SW31,MX-Hotswap-1U,http://www.kailh.com/en/Products/Ks/HPC/883.html,1
SW_Push_45deg,SW37,MX-Hotswap-1U,http://www.kailh.com/en/Products/Ks/HPC/883.html,1
SW_Push_45deg,SW38,MX-Hotswap-1U,http://www.kailh.com/en/Products/Ks/HPC/883.html,1
SW_Push_45deg,SW26,MX-Hotswap-1U,http://www.kailh.com/en/Products/Ks/HPC/883.html,1
SW_Push_45deg,SW28,MX-Hotswap-1U,http://www.kailh.com/en/Products/Ks/HPC/883.html,1
SW_Push_45deg,SW23,MX-Hotswap-1U,http://www.kailh.com/en/Products/Ks/HPC/883.html,1
SW_Push_45deg,SW36,MX-Hotswap-1U,http://www.kailh.com/en/Products/Ks/HPC/883.html,1
SW_Push_45deg,SW34,MX-Hotswap-1U,http://www.kailh.com/en/Products/Ks/HPC/883.html,1
SW_Push_45deg,SW41,MX-Hotswap-1U,http://www.kailh.com/en/Products/Ks/HPC/883.html,1
SW_Push_45deg,SW29,MX-Hotswap-1U,http://www.kailh.com/en/Products/Ks/HPC/883.html,1
SW_Push_45deg,SW35,MX-Hotswap-1U,http://www.kailh.com/en/Products/Ks/HPC/883.html,1
SW_Push_45deg,SW33,MX-Hotswap-1U,http://www.kailh.com/en/Products/Ks/HPC/883.html,1
SW_Push_45deg,SW44,MX-Hotswap-1.5U,http://www.kailh.com/en/Products/Ks/HPC/883.html,1
SW_Push_45deg,SW27,MX-Hotswap-1U,http://www.kailh.com/en/Products/Ks/HPC/883.html,1
